{
    "niter": 14260,
    "logz": -331.3391950816668,
    "logzerr": 0.418890354190139,
    "logz_bs": -331.2631474140918,
    "logz_single": -331.3391950816668,
    "logzerr_tail": 0.009944873994982117,
    "logzerr_bs": 0.4187722869469326,
    "ess": 3216.9648734230773,
    "H": 26.181289058622895,
    "Herr": 0.17986196099568327,
    "posterior": {
        "mean": [
            4939128.776163448,
            22.43351317398707,
            5123535640549.501,
            0.03901702867868633,
            498.5980863660099,
            3.8096374072981867
        ],
        "stdev": [
            61016.26075442567,
            0.4107610533321104,
            123258794535.73311,
            0.00042945218605569676,
            1.3973638336383527,
            0.10306699178621904
        ],
        "median": [
            4958033.062408085,
            22.423837696860858,
            5087040216708.482,
            0.03907162057803976,
            499.01952150521583,
            3.8098726665001004
        ],
        "errlo": [
            4886928.5144460555,
            22.03959673459432,
            5020849537386.403,
            0.03862496931996999,
            497.3805778805697,
            3.705466017663359
        ],
        "errup": [
            4989727.539510945,
            22.83918734352009,
            5229302327434.512,
            0.03941046524280001,
            499.7596273769305,
            3.911627371110553
        ],
        "information_gain_bits": [
            3.182843411420734,
            3.972400989371213,
            3.635230349452117,
            3.7248502835190833,
            4.076704260451362,
            3.834267120474499
        ]
    },
    "maximum_likelihood": {
        "logl": -300.8061234370472,
        "point": [
            4997388.199961068,
            22.465635565367787,
            5008544023863.752,
            0.03937748987624792,
            499.9828912636789,
            3.7369695811399724
        ],
        "point_untransformed": [
            0.999347049990267,
            0.028330989921290427,
            0.0005696015909167882,
            0.38765141289139315,
            0.9999650842115896,
            0.14405103058631433
        ]
    },
    "ncall": 136259,
    "paramnames": [
        "rho_DM_0",
        "r_s",
        "rho_b0",
        "r_b",
        "Sigma_0",
        "R_d"
    ],
    "logzerr_single": 0.25583827439723955,
    "insertion_order_MWW_test": {
        "independent_iterations": Infinity,
        "converged": true
    }
}